"record_id","patient_name","nric","case_no","mrn","dob","phone","email","postal_code","procedure_date","serial_no","notes"
"REC00001","Jane Ng","T8247451F","6295099907D","MRN0248469","06/09/1952","+65 8686 1419","priya@example.com","724997","05/04/2021","SN-772038","Patient reviewed in clinic; stable."
"REC00002","Mei Ling Devi","S7014767Z","5937872274G","MRN0833095","23/04/1997","+65 8248 1132","nurul@example.com","101371","17/04/2019","SN-737519","Patient reviewed in clinic; stable."
"REC00003","Jane Chua","T3836914D","2949629677K","MRN0410373","22/01/1998","+65 8495 7954","kumar@example.com","529676","02/10/2021","SN-531650","Call NOK at 9123 4567; patient NRIC S4444472J, email next-of-kin at kin.tan@example.com"
"REC00004","Xin Yi Kumar","T2508848J","2921634499A","MRN0449478","08/09/1983","+65 8450 4132","xin.yi@example.com","667629","21/11/2019","SN-185780","Patient reviewed in clinic; stable."
"REC00005","Hafiz Kumar","X6009627891B","4596981407M","MRN0865094","11/05/1960","+65 8961 2454","grace@example.com","539567","11/05/2022","SN-374799","Patient reviewed in clinic; stable."
"REC00006","Arun Ng","S9997088Z","1522786557Z","MRN0404320","14/01/1970","+65 8101 0794","siti@example.com","463666","26/12/2022","SN-254615","Patient reviewed in clinic; stable."
"REC00007","Wei Ming Lim","T0574050E","4689960536K","MRN0256855","29/03/1993","+65 9957 5022","hafiz@example.com","190945","S2052070A","SN-268566","Patient reviewed in clinic; stable."
"REC00008","Hafiz Wong","T1555531E","9723677286R","MRN0799873","13/05/1958","+65 8614 3085","wei.ming@example.com","624055","03/04/2022","SN-503916","Patient reviewed in clinic; stable."
"REC00009","Jane Kumar","T6980177Z","6447316092P","MRN0212534","31/03/1982","+65 8393 9269","mei.ling@example.com","413248","31/03/2020","X5022887586O","Patient reviewed in clinic; stable."
"REC00010","Priya Lim","T8119854Z","7219235917A","MRN0716613","04/08/1982","+65 9364 7467","siti@example.com","667982","16/03/2021","SN-326264","Patient reviewed in clinic; stable."
"REC00011","Kumar Chua","S0042904Z","6414490150R","MRN0419779","24/11/1968","+65 9425 4615","priya@example.com","105757","01/03/2022","SN-694873","Foreign patient, temp IC Y9136299A; admitted under case 8270868141L."
"REC00012","Nurul Lim","Y6647645404P","6123987360X","MRN0378789","12/10/2001","+65 8041 9450","nurul@example.com","477298","29/09/2022","SN-251590","Patient reviewed in clinic; stable."
"REC00013","Arun Lee","S0800300I","4717149291R","MRN0114317","15/03/1990","+65 9411 3533","grace@example.com","316596","17/12/2021","SN-453552","Patient reviewed in clinic; stable."
"REC00014","Xin Yi Chua","S1724024B","1072732143S","MRN0145626","22/02/1958","+65 8802 1677","david@example.com","121180","20/05/2019","SN-794169","Patient reviewed in clinic; stable."
"REC00015","Mei Ling Rahman","S7569688D","9177915360L","MRN0767191","11/07/1969","+65 8087 7645","wei.ming@example.com","100526","12/05/2020","T2015655J","Patient reviewed in clinic; stable."
"REC00016","Jun Jie Tan","T2148385G","6326824013G","MRN0318009","27/04/1967","+65 8056 4545","arun@example.com","741690","01/05/2020","SN-346411","Patient reviewed in clinic; stable."
"REC00017","Arun Wong","T0585955C","0320038198U","MRN0675995","21/05/1985","+65 8499 2228","priya@example.com","636977","25/08/2019","SN-345019","Patient reviewed in clinic; stable."
"REC00018","Hafiz Devi","T6594418E","7291638900N","4722080980G","14/03/1950","+65 9560 0745","grace@example.com","421338","01/03/2020","SN-232413","Patient reviewed in clinic; stable."
"REC00019","Wei Ming Lim","T0016199Z","3948244182X","MRN0560516","08/07/1966","+65 9433 7490","grace@example.com","101501","26/06/2022","SN-173730","Patient reviewed in clinic; stable."
"REC00020","Priya Ng","T3604531G","1715903772O","MRN0280012","22/08/1999","+65 8592 0311","hafiz@example.com","701459","15/09/2020","SN-534533","Patient reviewed in clinic; stable."
"REC00021","Siti Ng","S8598692I","8952038053N","MRN0234644","02/04/1960","+65 8137 7579","mei.ling@example.com","684164","25/11/2021","SN-696569","Patient reviewed in clinic; stable."
"REC00022","Xin Yi Lim","S2439585E","8755081200Q","MRN0892184","14/07/1976","+65 9617 6619","aisha@example.com","578397","27/02/2022","SN-451658","Seen 04/07/2021, lives at Singapore 520123, DOB 15/06/1948."
"REC00023","Xin Yi Kumar","T0445897J","7106514086R","MRN0165619","29/05/1982","+65 8423 4287","mei.ling@example.com","428618","22/02/2022","SN-136393","Patient reviewed in clinic; stable."
"REC00024","Grace Lee","S6642988A","3692647544R","MRN0204800","17/09/2000","+65 9920 0093","hafiz@example.com","427634","12/01/2019","SN-725853","Patient reviewed in clinic; stable."
"REC00025","Arun Ng","T1213747D","8228690130Z","MRN0472117","26/04/1993","+65 8406 5321","jane@example.com","474727","04/07/2022","SN-235180","Patient reviewed in clinic; stable."
"REC00026","Mei Ling Wong","S3439003G","7755290968X","MRN0436491","30/05/1962","+65 8191 2997","hafiz@example.com","164875","30/10/2019","SN-420952","Patient reviewed in clinic; stable."
"REC00027","Priya Lim","T5564169I","1337094009T","MRN0343370","07/02/1984","+65 8140 3025","nurul@example.com","753831","14/05/2020","SN-743887","Patient reviewed in clinic; stable."
"REC00028","Aisha Rahman","T5120385I","8528768723C","MRN0749053","15/03/1970","+65 9359 1416","siti@example.com","603611","04/01/2022","SN-759872","Patient reviewed in clinic; stable."
"REC00029","Mei Ling Ng","S6218982G","6074537872C","MRN0104376","28/10/1984","+65 8090 4220","jun.jie@example.com","562324","02/01/2020","SN-313122","Patient reviewed in clinic; stable."
"REC00030","Arun Devi","X5405341U","9866032215E","MRN0707645","19/04/1991","+65 8627 5447","hafiz@example.com","646982","06/10/2022","SN-538018","Patient reviewed in clinic; stable."
"REC00031","Wei Ming Devi","S1209412D","8103142978G","MRN0780594","28/06/1998","+65 9676 9256","kumar@example.com","700882","29/08/2019","SN-537306","Patient reviewed in clinic; stable."
"REC00032","Ryan Chua","S9193896J","9694865379X","MRN0696284","10/09/1987","+65 9336 3847","ryan@example.com","180014","27/03/2021","SN-162450","Patient reviewed in clinic; stable."
"REC00033","Kumar Wong","S3522589G","4923067953T","MRN0673845","22/10/1964","+65 9632 8394","wei.ming@example.com","292492","16/01/2023","SN-276918","Patient reviewed in clinic; stable."
"REC00034","Siti Tan","S2815875J","2094200701C","MRN0773351","18/02/1965","+65 8472 1199","david@example.com","350454","22/01/2021","SN-491469","Patient reviewed in clinic; stable."
"REC00035","Hafiz Tan","S4908905H","4650721996B","MRN0289766","19/12/1987","+65 8648 1985","hafiz@example.com","500920","14/12/2020","SN-139237","Patient reviewed in clinic; stable."
"REC00036","Jane Rahman","T8324549I","8016721052K","MRN0723990","09/10/1953","+65 9977 5720","priya@example.com","258555","31/01/2019","SN-478317","Patient reviewed in clinic; stable."
"REC00037","Hafiz Kumar","S3163883F","9450259765I","MRN0554868","17/07/1952","+65 8475 9929","mei.ling@example.com","699311","19/11/2019","SN-155155","Patient reviewed in clinic; stable."
"REC00038","Kumar Devi","S2190734J","2151884033F","MRN0860527","24/10/1954","+65 8402 4461","kumar@example.com","411020","28/07/2019","SN-327335","Patient reviewed in clinic; stable."
"REC00039","Jun Jie Goh","T5387699J","1210717643V","MRN0759640","11/04/1950","+65 9973 8223","ryan@example.com","779582","04/01/2019","SN-688707","Patient reviewed in clinic; stable."
"REC00040","Grace Kumar","T6658180I","6707273149J","MRN0788713","29/11/1961","+65 8352 8803","priya@example.com","224320","03/12/2022","SN-543427","Patient reviewed in clinic; stable."
